{"learner":{"attributes":{"scikit_learn":"{\"_estimator_type\": \"classifier\"}"},"feature_names":["log_return_5d","log_return_20d","volatility_20d","credit_spread","dollar_momentum","regime_label"],"feature_types":["float","float","float","float","float","float"],"gradient_booster":{"model":{"cats":{"enc":[],"feature_segments":[],"sorted_idx":[]},"gbtree_model_param":{"num_parallel_tree":"1","num_trees":"9"},"iteration_indptr":[0,3,6,9],"tree_info":[0,1,2,0,1,2,0,1,2],"trees":[{"base_weights":[1.3045988E-2,1.9100702E-1,-5.361091E-2,-5.6212103E-1,2.3823935E-1,-1.6915867E-1,1.8897131E-2,-6.553916E-1,1.833583E-1,4.3794203E-1,9.9269785E-2,-4.5629242E-1,-7.956443E-2,5.2672505E-2,-2.1527223E-1,-3.626005E-2,-7.888085E-3,-3.0690841E-3,1.7612731E-2,9.097836E-3,3.6017098E-2,-3.1566774E-3,8.766796E-3,-2.7466968E-2,-6.313012E-3,-1.2530962E-3,-1.4712909E-2,-3.5455786E-3,5.7044555E-3,-2.6188985E-2,-3.3797056E-3],"categories":[],"categories_nodes":[],"categories_segments":[],"categories_sizes":[],"default_left":[0,0,0,0,0,0,0,0,0,0,0,0,0,0,0,0,0,0,0,0,0,0,0,0,0,0,0,0,0,0,0],"id":0,"left_children":[1,3,5,7,9,11,13,15,17,19,21,23,25,27,29,-1,-1,-1,-1,-1,-1,-1,-1,-1,-1,-1,-1,-1,-1,-1,-1],"loss_changes":[2.0038551E1,1.6507597E1,1.0300764E1,2.0296078E0,1.199658E1,1.2157602E1,5.9914465E0,7.410927E-1,1.8015116E-1,1.2716736E1,3.1872504E0,3.385851E0,4.234172E0,5.029661E0,4.3158073E0,0E0,0E0,0E0,0E0,0E0,0E0,0E0,0E0,0E0,0E0,0E0,0E0,0E0,0E0,0E0,0E0],"parents":[2147483647,0,0,1,1,2,2,3,3,4,4,5,5,6,6,7,7,8,8,9,9,10,10,11,11,12,12,13,13,14,14],"right_children":[2,4,6,8,10,12,14,16,18,20,22,24,26,28,30,-1,-1,-1,-1,-1,-1,-1,-1,-1,-1,-1,-1,-1,-1,-1,-1],"split_conditions":[1.0426805E-2,5.956054E-3,1.4233711E-2,2.3476994E-2,2E0,1E0,5.501195E-2,1.1685992E-2,2.5795074E-2,-8.4922044E-4,2.303335E-3,1.3408275E-2,1.5962336E-2,-2.3251748E-2,2.0383324E-2,-3.626005E-2,-7.888085E-3,-3.0690841E-3,1.7612731E-2,9.097836E-3,3.6017098E-2,-3.1566774E-3,8.766796E-3,-2.7466968E-2,-6.313012E-3,-1.2530962E-3,-1.4712909E-2,-3.5455786E-3,5.7044555E-3,-2.6188985E-2,-3.3797056E-3],"split_indices":[2,2,2,0,5,5,0,3,0,3,3,2,3,0,2,0,0,0,0,0,0,0,0,0,0,0,0,0,0,0,0],"split_type":[0,0,0,0,0,0,0,0,0,0,0,0,0,0,0,0,0,0,0,0,0,0,0,0,0,0,0,0,0,0,0],"sum_hessian":[1.687396E3,4.592968E2,1.2280992E3,2.6461546E1,4.3283527E2,4.7300012E2,7.550991E2,2.3626379E1,2.8351655E0,1.7672533E2,2.5610995E2,1.1151651E2,3.614836E2,6.6059357E2,9.4505516E1,2.0318687E1,3.3076932E0,1.4175828E0,1.4175828E0,9.356046E1,8.3164856E1,8.174728E1,1.7436269E2,8.647255E1,2.5043962E1,2.891869E2,7.229672E1,2.192528E2,4.4134076E2,2.9769238E1,6.473628E1],"tree_param":{"num_deleted":"0","num_feature":"6","num_nodes":"31","size_leaf_vector":"1"}},{"base_weights":[1.60959E-2,-1.3634782E-1,7.8824475E-2,-1.7087227E-2,-3.056518E-1,1.7658143E-1,-7.018246E-2,-1.8767571E-1,2.567716E-1,-3.5773215E-1,-3.0635975E-2,2.2151561E-1,-1.9489208E-1,-1.1996285E-1,1.5898493E-1,1.5515377E-3,-1.327829E-2,3.330048E-2,4.2897323E-3,5.270808E-3,-1.8820185E-2,1.5759872E-2,-1.9087253E-2,6.5517067E-3,2.3483269E-2,-1.3349811E-2,4.9294353E-2,1.908378E-3,-1.1370849E-2,-4.047207E-3,2.463069E-2],"categories":[],"categories_nodes":[],"categories_segments":[],"categories_sizes":[],"default_left":[0,0,0,0,0,0,0,0,0,0,0,0,0,0,0,0,0,0,0,0,0,0,0,0,0,0,0,0,0,0,0],"id":1,"left_children":[1,3,5,7,9,11,13,15,17,19,21,23,25,27,29,-1,-1,-1,-1,-1,-1,-1,-1,-1,-1,-1,-1,-1,-1,-1,-1],"loss_changes":[7.3769016E0,4.536462E0,7.9711857E0,6.2629623E0,1.3196831E0,5.5550117E0,2.4965153E0,1.4144473E0,3.5450666E0,7.1434975E-1,2.049251E0,6.5631294E0,3.3422642E0,3.0498874E0,3.176532E0,0E0,0E0,0E0,0E0,0E0,0E0,0E0,0E0,0E0,0E0,0E0,0E0,0E0,0E0,0E0,0E0],"parents":[2147483647,0,0,1,1,2,2,3,3,4,4,5,5,6,6,7,7,8,8,9,9,10,10,11,11,12,12,13,13,14,14],"right_children":[2,4,6,8,10,12,14,16,18,20,22,24,26,28,30,-1,-1,-1,-1,-1,-1,-1,-1,-1,-1,-1,-1,-1,-1,-1,-1],"split_conditions":[-7.00412E-3,6.9998193E-4,1.1393581E-2,-3.3626843E-2,4.3498565E-2,7.269702E-2,9.120855E-2,-5.862308E-2,-1.2992191E-2,-9.0351015E-2,7.092242E-2,2.8670412E-2,2.2922397E-1,1.6952982E-2,2.7297802E-2,1.5515377E-3,-1.327829E-2,3.330048E-2,4.2897323E-3,5.270808E-3,-1.8820185E-2,1.5759872E-2,-1.9087253E-2,6.5517067E-3,2.3483269E-2,-1.3349811E-2,4.9294353E-2,1.908378E-3,-1.1370849E-2,-4.047207E-3,2.463069E-2],"split_indices":[3,0,3,1,1,1,1,0,1,3,1,1,1,3,3,0,0,0,0,0,0,0,0,0,0,0,0,0,0,0,0],"split_type":[0,0,0,0,0,0,0,0,0,0,0,0,0,0,0,0,0,0,0,0,0,0,0,0,0,0,0,0,0,0,0],"sum_hessian":[7.693106E2,2.2393282E2,5.453778E2,1.3202975E2,9.190306E1,3.2921143E2,2.1616635E2,8.154778E1,5.0481964E1,7.701736E1,1.4885707E1,2.9404666E2,3.5164787E1,1.7798128E2,3.8185074E1,2.1573488E1,5.9974297E1,1.4022767E1,3.6459194E1,2.8045535E0,7.42128E1,7.550721E0,7.334986E0,2.1659782E2,7.744882E1,3.3870377E1,1.2944093E0,7.227119E1,1.0571009E2,2.2652163E1,1.5532911E1],"tree_param":{"num_deleted":"0","num_feature":"6","num_nodes":"31","size_leaf_vector":"1"}},{"base_weights":[4.627423E-3,-2.0229161E-1,9.565816E-2,-6.6181734E-2,-3.5248888E-1,-2.3301677E-1,1.2107636E-1,1.6044626E-1,-2.1972284E-1,-4.0802085E-1,-4.893924E-2,2.1115108E-1,-3.9773172E-1,4.050399E-1,1.0065338E-1,2.0747378E-2,-3.902113E-3,4.1387666E-2,-1.2630505E-2,-1.7356357E-2,-3.0436223E-2,-2.803694E-2,1.0209485E-2,-2.4519937E-2,2.055302E-2,-2.7096096E-2,-1.9498495E-3,4.0143725E-2,1.1120661E-2,9.361594E-3,2.887125E-4],"categories":[],"categories_nodes":[],"categories_segments":[],"categories_sizes":[],"default_left":[0,0,0,0,0,0,0,0,0,0,0,0,0,0,0,0,0,0,0,0,0,0,0,0,0,0,0,0,0,0,0],"id":2,"left_children":[1,3,5,7,9,11,13,15,17,19,21,23,25,27,29,-1,-1,-1,-1,-1,-1,-1,-1,-1,-1,-1,-1,-1,-1,-1,-1],"loss_changes":[3.38725E1,1.1208778E1,1.0461366E1,1.01075535E1,4.3790436E0,6.6676035E0,6.6856136E0,7.1631713E0,6.1679125E0,2.4831924E0,5.490171E0,3.7072911E0,3.392334E0,5.4514627E0,8.898131E0,0E0,0E0,0E0,0E0,0E0,0E0,0E0,0E0,0E0,0E0,0E0,0E0,0E0,0E0,0E0,0E0],"parents":[2147483647,0,0,1,1,2,2,3,3,4,4,5,5,6,6,7,7,8,8,9,9,10,10,11,11,12,12,13,13,14,14],"right_children":[2,4,6,8,10,12,14,16,18,20,22,24,26,28,30,-1,-1,-1,-1,-1,-1,-1,-1,-1,-1,-1,-1,-1,-1,-1,-1],"split_conditions":[1.0793038E-2,1.9563392E-3,-3.0369407E-2,8.257035E-3,1.5488016E-2,-1.0421899E-2,-3.383069E-2,2.060169E-3,-5.078036E-2,2.0424934E-2,9.020849E-3,1.5064205E-2,2.56935E-2,1.8762363E-2,4.3521505E-3,2.0747378E-2,-3.902113E-3,4.1387666E-2,-1.2630505E-2,-1.7356357E-2,-3.0436223E-2,-2.803694E-2,1.0209485E-2,-2.4519937E-2,2.055302E-2,-2.7096096E-2,-1.9498495E-3,4.0143725E-2,1.1120661E-2,9.361594E-3,2.887125E-4],"split_indices":[2,4,4,2,3,1,3,3,4,4,2,2,2,2,4,0,0,0,0,0,0,0,0,0,0,0,0,0,0,0,0],"split_type":[0,0,0,0,0,0,0,0,0,0,0,0,0,0,0,0,0,0,0,0,0,0,0,0,0,0,0,0,0,0,0],"sum_hessian":[1.7962589E3,5.484264E2,1.2478325E3,2.8846127E2,2.599651E2,8.898805E1,1.1588445E3,1.1648436E2,1.7197691E2,2.1947054E2,4.0494564E1,2.3996778E1,6.499127E1,7.648973E1,1.0823547E3,5.5992485E1,6.049188E1,4.499396E0,1.6747752E2,1.7047711E2,4.8993423E1,1.2998255E1,2.749631E1,4.9993286E0,1.899745E1,4.5993824E1,1.899745E1,2.2996912E1,5.3492817E1,5.654241E2,5.169306E2],"tree_param":{"num_deleted":"0","num_feature":"6","num_nodes":"31","size_leaf_vector":"1"}},{"base_weights":[5.509159E-3,-3.6297485E-1,1.64393E-2,-4.1265652E-1,3.8373385E-2,2.808584E-2,-1.6787381E-1,-5.0554764E-1,-1.1998949E-1,3.461515E-2,-4.438434E-1,-3.2342917E-1,7.108316E-2,-5.072138E-4,-2.8173288E-2,5.2274945E-3,-2.3159094E-2,-3.103596E-3,3.026133E-3,-3.2556187E-2,-9.351593E-3,4.0879645E-3,-2.4926884E-2,3.0839875E-2,-2.8226427E-3],"categories":[],"categories_nodes":[],"categories_segments":[],"categories_sizes":[],"default_left":[0,0,0,0,0,0,0,0,0,0,0,0,0,0,0,0,0,0,0,0,0,0,0,0,0],"id":3,"left_children":[1,3,5,7,-1,9,11,13,15,17,19,21,23,-1,-1,-1,-1,-1,-1,-1,-1,-1,-1,-1,-1],"loss_changes":[6.862975E0,3.07366E0,3.5561166E0,1.235385E0,0E0,4.8129125E0,3.683268E0,1.0236692E0,1.0345559E0,3.8528993E0,1.0130911E0,4.2854204E0,2.7941685E0,0E0,0E0,0E0,0E0,0E0,0E0,0E0,0E0,0E0,0E0,0E0,0E0],"parents":[2147483647,0,0,1,1,2,2,3,3,5,5,6,6,7,7,8,8,9,9,10,10,11,11,12,12],